{"cameraMode":{"drawMode":0,"name":"Shaded","section":"Shading Mode"},"sceneLighting":true,"audioPlay":false,"sceneViewState":{"m_AlwaysRefresh":false,"showFog":true,"showSkybox":true,"showFlares":true,"showImageEffects":true,"showParticleSystems":true,"showVisualEffectGraphs":true,"m_FxEnabled":true},"in2DMode":false,"pivot":{"x":398.0189208984375,"y":72.9400405883789,"z":190.17164611816407},"rotation":{"x":-0.3083600103855133,"y":0.013705076649785042,"z":-0.004443424753844738,"w":-0.9511663913726807},"size":502.08709716796877,"orthographic":false}